<?xml version="1.0" encoding="UTF-8"?>
<beans xmlns="http://www.springframework.org/schema/beans"
	xmlns:xsi="http://www.w3.org/2001/XMLSchema-instance"
	xmlns:context="http://www.springframework.org/schema/context"
	xmlns:mvc="http://www.springframework.org/schema/mvc"
	xmlns:tx="http://www.springframework.org/schema/tx"
	xsi:schemaLocation="http://www.springframework.org/schema/mvc http://www.springframework.org/schema/mvc/spring-mvc.xsd
		http://www.springframework.org/schema/beans http://www.springframework.org/schema/beans/spring-beans.xsd
		http://www.springframework.org/schema/tx http://www.springframework.org/schema/tx/spring-tx-4.1.xsd
		http://www.springframework.org/schema/context http://www.springframework.org/schema/context/spring-context.xsd">
 
	<!--<context:annotation-config />--> 
	
	<context:component-scan base-package="com.nxn.tra" />
	
  
 <!--<bean id="stockDAOImpl" class="com.bku.inautix.dao.impl.StockDAOImpl" >

	 <bean id="stockBean" class="com.bku.inautix.model.StockBean" >		
		
	</bean> -->
	
	 <!-- Initialization for data source -->
	       <bean class="org.springframework.jdbc.datasource.DriverManagerDataSource" id="dataSource">

<property value="org.apache.derby.jdbc.ClientDriver" name="driverClassName"/>

<property value="jdbc:derby://172.24.19.152:1527/cabooking;create=true" name="url"/>

<property value="cabooking" name="username"/>

<property value="pwd" name="password"/>

</bean>

<bean class="com.nxn.tra.api.model.Test" id="test"/>

<bean class="com.nxn.tra.api.model.MetaData" id="metaData"/>

<bean class="com.nxn.tra.api.model.Data" id="data"/>

<bean class="com.nxn.tra.api.model.ErrorDetails" id="error"/>

<bean class="com.nxn.tra.api.model.Response" id="response"/>	
 
    <mvc:annotation-driven /> 
    <mvc:default-servlet-handler/>
 
</beans>